cust_id,cust_firstname,cust_lastname,email_id,cust_ph_no
6995977,Isador,Lorenzetti,ilorenzetti0@uiuc.edu,713-448-6917
7585457,Mirella,Still,mstill1@sbwire.com,205-859-0759
2829457,Rolph,Hackinge,rhackinge2@github.com,651-372-5687
9841373,Sarena,Benardette,sbenardette3@washington.edu,303-344-6165
4315849,Eal,Veness,eveness4@auda.org.au,202-438-0064
3219965,Kele,Cuffin,kcuffin5@nationalgeographic.com,316-545-2683
6229965,Josephine,Capaldo,jcapaldo6@fema.gov,415-133-3692
4628115,Sterling,Lodemann,slodemann7@mail.ru,717-422-2047
7935971,Amby,Dunkley,adunkley8@bigcartel.com,405-713-7801
6966474,Brittney,Minet,bminet9@home.pl,713-861-2653
8925796,Leonhard,Heathcott,lheathcotta@symantec.com,775-521-7636
8599466,Torry,Langcastle,tlangcastleb@vk.com,319-808-5566
6632529,Laurella,Beardon,lbeardonc@marketwatch.com,501-103-1866
8552798,Rebekah,Issatt,rissattd@yellowpages.com,352-200-2384
6675644,Sharla,Iban,sibane@ucoz.ru,915-258-4297
3415441,Dorrie,Heiton,dheitonf@craigslist.org,317-129-1929
4816383,Alfie,Wessel,awesselg@umich.edu,816-899-3598
5298396,Maury,Lehrle,mlehrleh@microsoft.com,321-550-3456
6528476,Danell,Biggs,dbiggsi@altervista.org,501-808-2393
6981129,Noel,Rowbury,nrowburyj@ucla.edu,217-609-8852
3514761,Matthiew,Stearns,mstearnsk@cnn.com,720-709-6261
6726732,Georgeta,Husset,ghussetl@blogger.com,678-569-7170
5832267,Pietro,Lawful,plawfulm@behance.net,740-668-2291
2949556,Natala,Old,noldn@ameblo.jp,757-539-4655
9614423,Celina,Tretter,ctrettero@columbia.edu,334-957-3970
9159666,Vick,Reinbech,vreinbechp@abc.net.au,508-452-6317
8271274,Krispin,Giffen,kgiffenq@ezinearticles.com,941-243-8891
4724685,Melisandra,Redman,mredmanr@soundcloud.com,813-912-0991
3589894,Ber,Holley,bholleys@rediff.com,757-526-8656
4883193,Eugine,McGee,emcgeet@miibeian.gov.cn,773-900-8655
1419214,Georgeanna,Kitcatt,gkitcattu@geocities.jp,202-971-5225
7361345,Cacilie,Avison,cavisonv@sciencedaily.com,804-333-5836
4515697,Lew,Harriott,lharriottw@odnoklassniki.ru,325-562-4560
2926931,Kaila,Greatbatch,kgreatbatchx@sciencedirect.com,414-544-0342
5942626,Britteny,Littlecote,blittlecotey@unesco.org,312-957-4457
9869187,Irv,Antonellini,iantonelliniz@hud.gov,714-383-4676
1436316,Wood,Jouanet,wjouanet10@hugedomains.com,202-259-0954
1281654,Shannon,Fulker,sfulker11@bandcamp.com,979-851-8688
7342997,Oswald,Goldman,ogoldman12@disqus.com,540-427-0448
7771578,Kayla,Giacoppo,kgiacoppo13@blogspot.com,814-712-0320
3753613,Hannah,Tabert,htabert14@statcounter.com,903-129-3096
4728433,Selene,Delagnes,sdelagnes15@nba.com,260-335-7097
2525498,Mathias,Prator,mprator16@merriam-webster.com,402-942-2537
4469985,Gris,Downgate,gdowngate17@amazon.com,904-138-7457
5348354,Sophie,Carlozzi,scarlozzi18@cnbc.com,412-831-1122
4321833,Cristy,Gook,cgook19@msn.com,408-617-3562
2447872,Graehme,Babb,gbabb1a@cisco.com,310-141-7186
6997394,Wally,Licquorish,wlicquorish1b@examiner.com,325-936-3965
4478674,Heall,Embra,hembra1c@list-manage.com,915-649-9383
8877453,Kory,Shelmerdine,kshelmerdine1d@ebay.co.uk,602-396-0878
8777351,Glen,Gauthorpp,ggauthorpp1e@xing.com,540-924-0366
3995787,Philomena,Lordon,plordon1f@nih.gov,815-805-1612
9823554,Bendix,O'Beirne,bobeirne1g@altervista.org,713-795-0551
1489486,Vaclav,Moyes,vmoyes1h@arstechnica.com,408-569-0905
6269567,Clovis,Healeas,chealeas1i@fc2.com,913-827-4941
2486827,Idaline,Docket,idocket1j@intel.com,443-946-1289
5639982,Raeann,Pinckard,rpinckard1k@google.ru,785-956-1806
9585753,Eustacia,Kienlein,ekienlein1l@usatoday.com,260-525-4134
3549799,Gaultiero,Mitchenson,gmitchenson1m@google.co.uk,706-523-3561
6667653,Cecile,Lashmar,clashmar1n@nba.com,907-843-5319
6118934,Wallas,Chastelain,wchastelain1o@baidu.com,719-559-1676
8461297,Judye,Cheesley,jcheesley1p@spiegel.de,916-143-6134
9714842,Fielding,Ixor,fixor1q@marriott.com,651-966-6949
3858861,Desiri,Garman,dgarman1r@github.com,212-474-6658
3181393,Lillis,Bogeys,lbogeys1s@forbes.com,402-372-0296
2363177,Caresse,Walworche,cwalworche1t@cafepress.com,202-567-7571
8757276,Arvy,Farmer,afarmer1u@xing.com,559-690-0395
6442852,Winni,Dorrance,wdorrance1v@flickr.com,231-660-2445
9225291,Elvira,Prise,eprise1w@cnn.com,419-249-9024
5797556,Augusto,McCafferty,amccafferty1x@oracle.com,315-752-7673
8754569,Seamus,Hallad,shallad1y@wisc.edu,302-282-3492
6161751,Lilas,Caulliere,lcaulliere1z@oracle.com,515-880-8833
1966796,Anna-diane,Hubble,ahubble20@privacy.gov.au,205-295-1735
5981366,Reeta,Hoggan,rhoggan21@gov.uk,415-222-1196
5994497,Lucie,Dimitrescu,ldimitrescu22@technorati.com,971-752-8186
3426885,Nydia,Cahalin,ncahalin23@macromedia.com,281-878-5191
9266936,Bogey,Furness,bfurness24@goodreads.com,309-823-4142
6643666,Leonerd,Cure,lcure25@globo.com,972-152-0096
6512425,Beck,Binestead,bbinestead26@blogger.com,214-661-6493
4564149,Any,Truswell,atruswell27@bbb.org,760-909-7990
7626747,Kelsi,Haberjam,khaberjam28@stanford.edu,719-323-4914
4571426,William,McCaig,wmccaig29@independent.co.uk,510-856-7160
8653454,Zared,Caress,zcaress2a@adobe.com,713-744-9101
4963522,Carree,Esland,cesland2b@theguardian.com,803-644-2966
8751793,Ambrosi,Gaskal,agaskal2c@nature.com,706-248-8021
3231445,Hewie,Leming,hleming2d@oaic.gov.au,214-625-9772
2722547,Carry,Insworth,cinsworth2e@yelp.com,214-525-1947
5477717,Felike,MacElharge,fmacelharge2f@sciencedirect.com,216-764-5911
5657981,Ado,Vany,avany2g@sciencedaily.com,405-798-1220
1897793,Lilith,Schankelborg,lschankelborg2h@latimes.com,775-150-5736
1419349,Sammie,Domenico,sdomenico2i@youtube.com,903-614-8151
1217278,Madelyn,Kinnier,mkinnier2j@parallels.com,262-936-7961
8142915,Karleen,Lis,klis2k@soup.io,909-599-4342
8374985,Amye,Heading,aheading2l@kickstarter.com,801-998-2791
9616955,Cherlyn,MacCumeskey,cmaccumeskey2m@nytimes.com,325-316-5634
9762656,Sigmund,Leith,sleith2n@usatoday.com,404-134-0649
2455565,Haslett,Shellum,hshellum2o@reference.com,316-875-6534
8312362,Steffane,Tonnesen,stonnesen2p@nydailynews.com,570-663-6138
3159689,Brunhilda,Whyley,bwhyley2q@whitehouse.gov,202-275-1180
3874475,Ingamar,Frisel,ifrisel2r@youtu.be,615-186-3349
3573895,Vale,Burtonshaw,vburtonshaw2s@illinois.edu,202-718-9685
9514421,Demetre,Weeks,dweeks2t@unicef.org,352-448-6616
9256553,Derwin,Phillot,dphillot2u@yale.edu,716-348-5788
7472694,Lara,O'Shevlin,loshevlin2v@bandcamp.com,718-516-5422
4261927,Skylar,Beldam,sbeldam2w@harvard.edu,630-109-3963
4582639,Patrizio,Brise,pbrise2x@elegantthemes.com,915-901-2840
3522571,Nickolaus,Henri,nhenri2y@nationalgeographic.com,509-656-6258
6726151,Florrie,Aldwick,faldwick2z@wisc.edu,301-101-6451
9384899,Nicolea,Franceschelli,nfranceschelli30@cpanel.net,773-960-3974
2348511,Sheffield,Shergold,sshergold31@ucsd.edu,515-510-4084
9288556,Margaretta,Kynforth,mkynforth32@instagram.com,571-348-4227
4451491,Goldarina,Tettersell,gtettersell33@cisco.com,303-659-6363
8984439,Carce,Thombleson,cthombleson34@trellian.com,305-213-3071
7924817,Prisca,Connaughton,pconnaughton35@scribd.com,816-568-9791
8291398,Arel,Valentin,avalentin36@reference.com,775-369-5047
8632388,Cello,Pfaff,cpfaff37@technorati.com,206-863-6642
3348879,Bone,Sproule,bsproule38@hc360.com,718-312-1343
5662992,Eimile,Placidi,eplacidi39@ebay.co.uk,916-902-3326
5325756,Riley,Torrie,rtorrie3a@issuu.com,303-447-3225
6566166,Rossy,Sennett,rsennett3b@bbc.co.uk,319-235-4830
2221516,Risa,Pavolillo,rpavolillo3c@hp.com,806-875-4015
2659829,Shelli,Rathbourne,srathbourne3d@goodreads.com,727-955-2037
8728611,Sergei,Windle,swindle3e@un.org,561-314-4512
9825219,Augusto,Klass,aklass3f@wikia.com,703-399-4103
3215548,Jana,Bench,jbench3g@nytimes.com,904-788-1520
9278452,Roderich,Gleader,rgleader3h@engadget.com,704-452-9014
2788434,Wolfgang,Grolle,wgrolle3i@hexun.com,504-708-3976
1195255,Conrado,Spraging,cspraging3j@ustream.tv,337-767-6979
1432217,Arleen,Kenan,akenan3k@sfgate.com,937-662-6214
8159189,Darbee,Mickleborough,dmickleborough3l@loc.gov,915-843-1544
1372618,Jodie,Gerckens,jgerckens3m@twitpic.com,972-753-4638
6117636,Tillie,Di Frisco,tdifrisco3n@moonfruit.com,713-607-2576
6669184,Vaughn,Tunnock,vtunnock3o@miibeian.gov.cn,571-150-8865
4888884,Carce,Glanester,cglanester3p@wired.com,515-988-1732
9443147,Britni,Swaisland,bswaisland3q@weebly.com,801-191-3977
3147419,Kaycee,Sone,ksone3r@home.pl,601-412-4686
5918637,Deeanne,Ratnege,dratnege3s@google.cn,814-249-9079
7494922,Tracie,Spry,tspry3t@scribd.com,858-584-2318
1552194,Garrek,Lile,glile3u@wired.com,540-948-5244
8751749,Gilbertina,Lammers,glammers3v@pcworld.com,954-479-2662
5363754,Travis,Truesdale,ttruesdale3w@yellowpages.com,816-583-4067
6748165,Haven,Screech,hscreech3x@nationalgeographic.com,785-571-5056
9137277,Ruperta,Attwoull,rattwoull3y@tiny.cc,281-859-6098
3791264,Donnie,Garoghan,dgaroghan3z@hatena.ne.jp,520-235-3569
8366675,Joli,Abeau,jabeau40@aol.com,410-840-6288
5864867,Lombard,Boullen,lboullen41@ow.ly,626-387-8680
2361221,Gabriele,Tellenbrok,gtellenbrok42@chronoengine.com,850-271-0870
7513537,Lyndsay,Andrioni,landrioni43@nytimes.com,954-855-2848
1983657,Alessandro,Odcroft,aodcroft44@pbs.org,865-310-0707
3188741,Breena,Vassman,bvassman45@ameblo.jp,727-781-2729
1116929,Reba,Latham,rlatham46@scribd.com,571-728-3788
2258638,Codi,Rogans,crogans47@4shared.com,754-379-5991
3979752,Siusan,Llewelyn,sllewelyn48@uiuc.edu,920-525-6226
4757677,Binnie,Northway,bnorthway49@tumblr.com,410-595-8957
9335798,Delinda,Kingscote,dkingscote4a@sourceforge.net,215-720-5795
3864696,Idell,Coule,icoule4b@rakuten.co.jp,502-626-5499
9724964,Ruperto,Lyston,rlyston4c@independent.co.uk,913-311-8106
7667953,Richie,Flack,rflack4d@mapquest.com,479-767-5150
8795914,Had,Leighfield,hleighfield4e@theglobeandmail.com,213-235-4495
6569813,Ax,Eilhermann,aeilhermann4f@wunderground.com,651-608-6642
7593425,Ava,Monger,amonger4g@wiley.com,281-389-7343
3648677,Monroe,Gallymore,mgallymore4h@hexun.com,602-429-2915
5767214,Horatia,Granger,hgranger4i@edublogs.org,806-231-1250
6147165,Honor,Spurier,hspurier4j@sfgate.com,585-859-4560
1376368,Franciskus,Claridge,fclaridge4k@comsenz.com,859-841-0899
1774131,Roseanne,Schollar,rschollar4l@amazon.co.uk,714-622-3455
9595735,Jojo,Gerler,jgerler4m@google.de,757-360-9813
6741695,Leland,Beare,lbeare4n@com.com,510-502-8278
8568486,Katharina,Wildin,kwildin4o@census.gov,805-699-9580
6673244,Augusto,Oxlee,aoxlee4p@360.cn,509-669-9533
4933228,Camel,Bound,cbound4q@hubpages.com,347-393-8766
7862154,De,Choldcroft,dcholdcroft4r@statcounter.com,916-910-9608
4813378,Brantley,Ebben,bebben4s@vistaprint.com,407-497-9724
2952176,Brose,Reyson,breyson4t@usnews.com,816-868-5040
3368364,Antonetta,MacPaike,amacpaike4u@quantcast.com,727-444-5312
4953987,Josephina,Gullan,jgullan4v@sfgate.com,215-269-1923
6328927,Dwain,Andrioletti,dandrioletti4w@aol.com,727-104-7800
1789232,Tab,Llop,tllop4x@senate.gov,314-154-9768
3542669,Zebulen,Edmund,zedmund4y@sfgate.com,860-783-1120
3158597,Sutherland,Licciardi,slicciardi4z@ebay.com,706-396-0159
1834371,Stephen,Stodhart,sstodhart50@canalblog.com,703-470-5540
7198595,Clarissa,Kobelt,ckobelt51@ucoz.ru,310-485-5937
4593114,Levi,Abelov,labelov52@marriott.com,562-204-5370
2913929,Josephine,Smither,jsmither53@seesaa.net,520-672-3865
6265267,Bernie,Cawker,bcawker54@tumblr.com,415-832-7196
7843755,Leigh,Bailie,lbailie55@technorati.com,616-250-9799
9138636,Domenic,Douche,ddouche56@nps.gov,504-827-0508
5758935,Wilmer,Brompton,wbrompton57@baidu.com,515-391-5232
6891426,Brandice,Batey,bbatey58@hhs.gov,937-917-1211
1932442,Rasla,Roggeman,rroggeman59@amazonaws.com,806-633-1542
1758735,Jessalin,Adnams,jadnams5a@yelp.com,561-552-9508
2587911,Dacy,Downage,ddownage5b@1688.com,904-527-3099
6514289,Juli,Lockhead,jlockhead5c@digg.com,219-484-5966
8263487,Creighton,Keenleyside,ckeenleyside5d@rakuten.co.jp,915-815-5327
9188843,Tony,Maytum,tmaytum5e@acquirethisname.com,305-625-7306
5826776,Carlina,Halsho,chalsho5f@mozilla.com,702-501-3390
3567765,Meagan,Allcorn,mallcorn5g@hp.com,205-375-1416
7213881,Shanan,Kinneally,skinneally5h@vinaora.com,305-762-4606
9675423,Leta,Foulser,lfoulser5i@over-blog.com,417-782-6230
3122969,Grant,Duckworth,gduckworth5j@godaddy.com,405-229-1498
2799479,Herschel,Castaner,hcastaner5k@tiny.cc,225-813-9012
9381635,Harry,Brittian,hbrittian5l@dailymail.co.uk,336-746-8650
3794198,Kandy,Emlyn,kemlyn5m@amazon.de,850-462-1925
9291548,Elmira,McNern,emcnern5n@constantcontact.com,239-839-9042
2619748,Ellsworth,Rooms,erooms5o@telegraph.co.uk,801-632-5769
7637497,Emmaline,Joule,ejoule5p@wikimedia.org,214-118-5080
8198419,Amelie,Burbage,aburbage5q@drupal.org,805-738-3644
9164126,Gabey,Di Boldi,gdiboldi5r@360.cn,336-808-5978
7163637,Renato,Tadgell,rtadgell5s@joomla.org,585-129-7548
1514857,Tiff,Horwell,thorwell5t@cafepress.com,714-789-0577
1855142,Dolph,Shovelin,dshovelin5u@cbslocal.com,305-344-8262
5439182,Ruttger,Antcliffe,rantcliffe5v@youku.com,863-145-3376
9616823,Catlee,Edgson,cedgson5w@mtv.com,210-429-8445
5243448,Clark,Coggen,ccoggen5x@goodreads.com,714-806-7613
6637957,Hastie,Plummer,hplummer5y@ovh.net,713-587-2295
3597929,Shamus,MacTeague,smacteague5z@vistaprint.com,850-311-3772
4132934,Jereme,Balaizot,jbalaizot60@nasa.gov,321-487-0039
4727346,Ardelis,Harbin,aharbin61@delicious.com,702-371-7790
5741713,Miner,Espinola,mespinola62@so-net.ne.jp,804-805-3328
6642982,Briny,Antonias,bantonias63@nba.com,801-999-6879
2935474,Alister,Malkinson,amalkinson64@engadget.com,212-465-8377
1238274,Nettle,Rhead,nrhead65@bandcamp.com,206-960-0740
6666583,Kelsey,Elstone,kelstone66@flickr.com,404-411-9863
9982982,Kristi,Sponer,ksponer67@lycos.com,559-815-8841
6313146,Nancy,Dantesia,ndantesia68@census.gov,512-771-9620
2358713,Jaquith,Bonallick,jbonallick69@bigcartel.com,215-238-3211
3718483,Yuri,Gyenes,ygyenes6a@booking.com,530-682-8125
6492265,Eugene,Spellworth,espellworth6b@exblog.jp,315-391-0210
2677522,Charmion,Grayham,cgrayham6c@uol.com.br,409-949-3436
7744114,Ase,Blemings,ablemings6d@gizmodo.com,571-554-9643
7913558,Griffin,Infante,ginfante6e@abc.net.au,574-709-4203
8972383,Aldrich,Barbera,abarbera6f@google.cn,408-331-4070
3568191,Joela,Howland,jhowland6g@scientificamerican.com,770-717-7866
5223593,Theo,Leborgne,tleborgne6h@tamu.edu,360-884-5714
6248567,Heinrik,Flawn,hflawn6i@i2i.jp,719-175-2851
7181648,Arabella,Rundall,arundall6j@nih.gov,915-427-4478
8144177,Jillane,Whellans,jwhellans6k@bloomberg.com,909-676-8577
4497616,Denver,Seacombe,dseacombe6l@delicious.com,706-786-0719
9967153,Thaddus,Targett,ttargett6m@about.me,401-653-7073
8916779,Christopher,De Witt,cdewitt6n@slashdot.org,712-662-2455
1633648,Bertrando,Drivers,bdrivers6o@zdnet.com,917-441-5024
9846445,Frans,Hubbins,fhubbins6p@sciencedirect.com,352-801-8998
2641328,Vail,Spirritt,vspirritt6q@e-recht24.de,510-865-0639
8867228,Beauregard,Widdup,bwiddup6r@forbes.com,318-745-1418
4713197,Hendrik,Gotcliff,hgotcliff6s@fc2.com,713-971-9790
8657472,Tomkin,Gathercoal,tgathercoal6t@smh.com.au,757-928-6389
5968779,Phillida,Epton,pepton6u@whitehouse.gov,423-559-1080
9818161,Evelina,Furley,efurley6v@cnet.com,330-995-7331
4146911,Joell,Tommasetti,jtommasetti6w@princeton.edu,612-553-9138
3829953,Rachel,Ruzicka,rruzicka6x@howstuffworks.com,-3273
9339155,Vince,Nossent,vnossent6y@sourceforge.net,518-906-2377
6155962,Linnea,Bundy,lbundy6z@networkadvertising.org,717-765-3058
5148279,Amie,Wingatt,awingatt70@usgs.gov,602-600-4682
3274216,Brittni,Tindle,btindle71@reverbnation.com,313-351-0022
5631559,Lanita,Ibbitson,libbitson72@admin.ch,615-941-5397
4667666,Rockey,Marages,rmarages73@dagondesign.com,480-435-9244
1949788,Leilah,Christal,lchristal74@loc.gov,605-523-2696
5254514,Sybyl,Firth,sfirth75@people.com.cn,949-705-7151
4329632,Glenden,Davis,gdavis76@seattletimes.com,936-914-2710
1252516,Lidia,Gallyon,lgallyon77@prweb.com,412-481-4561
9127279,Jammie,Bowell,jbowell78@gnu.org,501-659-0082
4381712,Kenneth,Odell,kodell79@blinklist.com,414-857-9820
5494698,Bambi,Stubbeley,bstubbeley7a@independent.co.uk,937-382-8404
6699226,Florette,Seacombe,fseacombe7b@vinaora.com,202-453-4843
3715435,Sybil,Spick,sspick7c@stanford.edu,281-533-5933
1849397,Lin,Faragher,lfaragher7d@printfriendly.com,408-622-2725
4652271,Felice,Streeting,fstreeting7e@typepad.com,907-459-9328
5595669,Lacy,Antoney,lantoney7f@trellian.com,234-274-3357
9662737,Grace,Bernardeschi,gbernardeschi7g@mayoclinic.com,262-782-7392
2188124,Isac,Duxfield,iduxfield7h@usa.gov,937-685-3197
1198826,Babette,Pennetta,bpennetta7i@huffingtonpost.com,352-278-0034
7112596,Omar,Gulley,ogulley7j@plala.or.jp,915-587-5039
7579111,Walt,Hassur,whassur7k@sakura.ne.jp,410-128-5693
4151426,Nicolais,Ketley,nketley7l@squidoo.com,563-516-2801
3156188,Milka,Pittaway,mpittaway7m@51.la,320-390-9249
1478894,Annabel,Kemp,akemp7n@mozilla.com,813-568-7905
3475657,Peterus,Brenstuhl,pbrenstuhl7o@huffingtonpost.com,304-249-9527
5452741,Bear,Bofield,bbofield7p@vkontakte.ru,623-813-9019
8543585,Gerladina,Flewett,gflewett7q@google.co.jp,414-600-8671
6742743,Bengt,Narrie,bnarrie7r@statcounter.com,239-423-5559
6144468,Christoph,Toller,ctoller7s@blogs.com,763-987-4480
7694317,Gael,Wellings,gwellings7t@bloomberg.com,904-606-3065
7912293,Nettle,Bowley,nbowley7u@buzzfeed.com,214-822-7837
4761377,Lu,Di Frisco,ldifrisco7v@sun.com,702-739-6799
3485119,Berthe,Joust,bjoust7w@is.gd,859-589-1803
6899966,Aaren,Keller,akeller7x@nba.com,504-958-4939
1475213,Kippy,Burvill,kburvill7y@plala.or.jp,202-494-2090
6787229,Gerrie,Duckerin,gduckerin7z@webnode.com,786-389-2967
9429196,Letitia,Germaine,lgermaine80@newsvine.com,850-516-2090
4765461,Carmelia,Safe,csafe81@canalblog.com,304-424-3657
7135197,Thia,Palphreyman,tpalphreyman82@youku.com,626-843-5316
6332842,Zach,Devonport,zdevonport83@1und1.de,919-498-2180
9552766,Flynn,Titt,ftitt84@ow.ly,214-143-7322
6732476,Scarface,De Dei,sdedei85@state.gov,212-307-8849
5279228,Clemente,Magill,cmagill86@examiner.com,305-123-2716
4794524,Claudia,Ruddell,cruddell87@archive.org,321-436-9244
5784773,Enrico,Wroe,ewroe88@oaic.gov.au,804-464-5198
9361367,Claudina,Royson,croyson89@topsy.com,225-508-0167
9341448,Alena,Pre,apre8a@creativecommons.org,757-295-5109
8562181,Sully,Hubbold,shubbold8b@quantcast.com,754-695-9924
2473632,Reiko,Revitt,rrevitt8c@amazon.co.jp,828-679-3669
3153693,Culley,Fricke,cfricke8d@usatoday.com,562-711-7388
3962467,Izak,Sharphouse,isharphouse8e@prlog.org,724-307-9124
8754471,Hettie,Phythien,hphythien8f@dedecms.com,330-601-9041
6562432,Kirstyn,Tomasini,ktomasini8g@paginegialle.it,916-539-5027
3896981,Bernete,Cowthart,bcowthart8h@ezinearticles.com,941-182-8470
2396622,Mora,Lemmertz,mlemmertz8i@prnewswire.com,770-956-2627
9448291,Welbie,Fonquernie,wfonquernie8j@paginegialle.it,267-284-6033
6119392,Francyne,Irvine,firvine8k@columbia.edu,281-532-9971
5891528,Tore,Treamayne,ttreamayne8l@zdnet.com,704-120-4536
8691881,Nikolai,Quidenham,nquidenham8m@deviantart.com,808-696-3336
6815956,Artemus,Hamblen,ahamblen8n@last.fm,214-428-1383
9263729,Allx,Sawl,asawl8o@pcworld.com,814-915-4429
4448358,Bax,Reidshaw,breidshaw8p@mapquest.com,269-975-0149
3845926,Alexina,O'Suaird,aosuaird8q@indiatimes.com,901-330-9226
5779785,Irita,Stuffins,istuffins8r@shinystat.com,915-276-7785
6295198,Yorgo,Rawle,yrawle8s@fotki.com,704-104-6856
4798943,Carmina,Bushnell,cbushnell8t@joomla.org,203-388-4437
4132734,Peadar,Blasoni,pblasoni8u@xing.com,303-687-6997
9797937,Tomaso,Brandin,tbrandin8v@opera.com,404-135-4498
2193595,Edd,Roderigo,eroderigo8w@umn.edu,914-631-7229
2115226,Delia,Mularkey,dmularkey8x@bloglovin.com,360-364-1383
9822194,Mark,Clemanceau,mclemanceau8y@furl.net,309-711-3429
9898666,Aldous,Huey,ahuey8z@hugedomains.com,626-417-9949
7142395,Gael,Malyj,gmalyj90@bloglovin.com,513-937-9532
8946511,Brendon,Wilkenson,bwilkenson91@skype.com,423-155-6175
9134761,Rudolf,Rawnsley,rrawnsley92@people.com.cn,512-182-2022
8591162,Cicely,Piggen,cpiggen93@purevolume.com,718-117-6618
4151597,Any,Mechic,amechic94@comcast.net,504-800-2038
6679886,Rex,Yabsley,ryabsley95@mashable.com,773-757-5231
1998939,Andrej,Adamowitz,aadamowitz96@tripadvisor.com,914-348-8040
9756625,Marita,Castelot,mcastelot97@i2i.jp,501-259-6228
2256532,Cecile,Shillan,cshillan98@foxnews.com,408-165-1008
5243488,Dallas,Prator,dprator99@wikispaces.com,703-178-2585
9785565,Angel,Tredwell,atredwell9a@discuz.net,302-912-3990
1866787,Efren,Elner,eelner9b@chicagotribune.com,775-830-3676
7736762,Colby,Filimore,cfilimore9c@oakley.com,941-533-1153
1782157,Tawsha,Monck,tmonck9d@flavors.me,410-457-8436
6767755,Berny,Kuhnwald,bkuhnwald9e@bandcamp.com,305-716-7061
2461194,Dora,Maine,dmaine9f@surveymonkey.com,718-363-8675
6591321,Pattin,Blackeby,pblackeby9g@linkedin.com,703-865-5257
3515793,Zita,Snoxill,zsnoxill9h@mashable.com,619-484-5462
3219378,Silvana,Riediger,sriediger9i@e-recht24.de,907-540-0712
2277943,Willem,Nuemann,wnuemann9j@nhs.uk,813-349-5713
1211972,Kylen,Gors,kgors9k@ustream.tv,614-878-8903
5628969,Rachele,Caulcutt,rcaulcutt9l@issuu.com,702-134-5771
5826951,Bella,Crady,bcrady9m@guardian.co.uk,914-749-1277
3726598,Dani,Shortcliffe,dshortcliffe9n@hubpages.com,425-550-4235
7368544,Alex,Secret,asecret9o@csmonitor.com,312-556-4129
5393535,Ulrick,Essel,uessel9p@livejournal.com,614-216-6553
4649588,Nonna,Lamberti,nlamberti9q@ebay.com,860-632-9683
6789646,Gusta,Belding,gbelding9r@rakuten.co.jp,315-770-6479
1567591,Bobbette,Parnell,bparnell9s@hhs.gov,862-356-2467
9449877,Donella,Quarles,dquarles9t@toplist.cz,404-370-6082
6891855,Cary,Algar,calgar9u@a8.net,713-933-3514
2137512,Justine,Blissett,jblissett9v@paypal.com,858-767-1484
1893582,Marie,Memmory,mmemmory9w@meetup.com,210-794-0217
5666175,Drake,Tossell,dtossell9x@e-recht24.de,678-421-3934
9449229,Arlina,Spiniello,aspiniello9y@deliciousdays.com,706-903-2031
7674793,Ban,Twatt,btwatt9z@mediafire.com,229-934-8661
6655315,Adiana,Auletta,aaulettaa0@sfgate.com,512-900-8150
3288254,Tarah,Pacitti,tpacittia1@xinhuanet.com,860-530-3770
1879315,Ludwig,Izakovitz,lizakovitza2@msu.edu,714-406-9414
8265752,Marjy,Bonnell,mbonnella3@facebook.com,703-443-0698
7671383,Kirsti,O'Cullen,kocullena4@businessweek.com,806-649-2989
9187256,Minnnie,Thyer,mthyera5@geocities.jp,203-613-1530
9589261,Audre,Osgerby,aosgerbya6@netlog.com,915-278-3963
3449537,Glennie,Triggs,gtriggsa7@lycos.com,916-633-9732
1448473,Zaneta,Orriss,zorrissa8@php.net,918-166-3237
4732429,Korella,Rouke,kroukea9@privacy.gov.au,248-104-3923
3538525,Madge,Baudassi,mbaudassiaa@google.fr,443-221-9126
8463211,Bobby,Menendes,bmenendesab@usnews.com,859-741-0780
2183267,Feodor,Le Guin,fleguinac@home.pl,816-252-9930
8263944,Stephanus,Dakhov,sdakhovad@nytimes.com,256-890-2181
1173647,Juliana,Brigstock,jbrigstockae@hao123.com,901-680-3261
1138623,Donavon,Wharf,dwharfaf@sciencedirect.com,704-823-7398
7512998,Beth,MacVanamy,bmacvanamyag@businessinsider.com,520-217-7841
3796985,Timmie,Baswall,tbaswallah@tinypic.com,202-459-6975
3135663,Bamby,McGrath,bmcgrathai@sbwire.com,916-661-5746
5565212,Dynah,Lennon,dlennonaj@domainmarket.com,651-701-6512
3816484,Ludwig,MacCrackan,lmaccrackanak@ucsd.edu,785-571-6049
2238425,Alayne,McConway,amcconwayal@paypal.com,251-788-4605
2659353,Sibel,Womack,swomackam@miibeian.gov.cn,504-452-9990
9283251,Imogen,Turfin,iturfinan@auda.org.au,206-855-0337
1447146,Sherman,Layhe,slayheao@arizona.edu,859-482-7801
6233414,Constantia,Studders,cstuddersap@wisc.edu,407-820-7372
3751635,Angelita,Ewbank,aewbankaq@free.fr,618-287-2375
4135377,Christoffer,Duester,cduesterar@deliciousdays.com,571-530-3813
6328823,Mamie,Torritti,mtorrittias@fc2.com,205-739-6177
5366125,Rudolf,Aitken,raitkenat@abc.net.au,727-959-1716
1435882,Angelika,Macey,amaceyau@infoseek.co.jp,201-252-3263
8146982,Eberto,Hartzogs,ehartzogsav@ebay.co.uk,651-271-1094
3883699,Winthrop,Whooley,wwhooleyaw@npr.org,713-540-0297
3152576,Culley,Rickeard,crickeardax@flavors.me,208-655-0305
4791895,Nikolaus,Liddy,nliddyay@dailymotion.com,315-294-6824
5551648,Roselia,Rosenboim,rrosenboimaz@ihg.com,502-460-4856
5815712,Joannes,Minshaw,jminshawb0@walmart.com,915-122-0770
6962495,Odilia,Brandacci,obrandaccib1@stanford.edu,312-600-0138
9374657,Bradford,Osbidston,bosbidstonb2@ebay.com,432-625-3736
9138671,Alexa,Glowach,aglowachb3@ovh.net,337-176-3856
3899468,Gustavus,Dillway,gdillwayb4@comsenz.com,954-738-4799
6892984,Illa,O'Cassidy,iocassidyb5@t-online.de,571-552-1808
7855774,Carolan,Lindop,clindopb6@imgur.com,812-547-8530
2684158,Zabrina,Bromfield,zbromfieldb7@statcounter.com,336-905-5187
4839348,Dulsea,Houndesome,dhoundesomeb8@histats.com,251-367-5813
6652531,Frederik,Sline,fslineb9@homestead.com,816-749-9467
6356159,Joleen,Paddell,jpaddellba@mayoclinic.com,305-392-7228
8293517,Loraine,Southwood,lsouthwoodbb@china.com.cn,217-146-7457
6972918,Colby,Hamnett,chamnettbc@fastcompany.com,317-975-5137
5798214,Lauri,Klaaassen,lklaaassenbd@miitbeian.gov.cn,206-349-3845
7212262,Niki,Ryhorovich,nryhorovichbe@github.com,901-720-2567
9992711,Johnathon,Hatliff,jhatliffbf@apache.org,407-795-8720
7818743,Cathie,Edgerton,cedgertonbg@lycos.com,513-968-8586
3467883,Gibby,Arnout,garnoutbh@ocn.ne.jp,336-906-9971
5227193,Osmund,Cudby,ocudbybi@unesco.org,501-628-6137
4646538,Lorelei,Simoni,lsimonibj@auda.org.au,989-319-1199
4166828,Shayne,MacCahey,smaccaheybk@fda.gov,480-863-2251
4743621,Brandy,Chalke,bchalkebl@statcounter.com,509-340-1315
2911555,Phil,Tosdevin,ptosdevinbm@zdnet.com,718-717-0660
9278799,Lacey,Quickenden,lquickendenbn@webeden.co.uk,316-990-0798
8282916,Alick,Bassford,abassfordbo@foxnews.com,229-474-2862
1521365,Toiboid,Amner,tamnerbp@360.cn,205-728-3993
8199544,Wynnie,Heintsch,wheintschbq@nbcnews.com,704-611-1449
6235263,Pauly,Orridge,porridgebr@webeden.co.uk,502-432-3407
1296695,Henka,Hutchence,hhutchencebs@youku.com,330-740-8524
2845862,Saxon,Rawcliff,srawcliffbt@mashable.com,240-912-4341
7868677,Dagny,Stainbridge,dstainbridgebu@census.gov,415-291-9892
2777185,Kaycee,Helstrip,khelstripbv@cbc.ca,516-496-4065
5612961,Wilbur,Van T'Hoog,wvanthoogbw@nifty.com,209-594-8282
5155657,Odette,Brisse,obrissebx@naver.com,937-162-5397
1795432,Leslie,Klaiser,lklaiserby@hibu.com,412-970-6140
4268332,Raul,Worsam,rworsambz@netlog.com,704-535-3309
2284626,Iago,Shave,ishavec0@tmall.com,510-335-9477
7334287,Kristofer,Leban,klebanc1@purevolume.com,480-200-2341
5933579,Sosanna,Silcox,ssilcoxc2@github.io,325-535-5012
2868485,Archy,Davers,adaversc3@tinypic.com,714-165-8895
3595772,Austen,Rigard,arigardc4@hud.gov,205-915-1070
9269286,Ealasaid,Heibel,eheibelc5@pcworld.com,202-652-4063
1794736,Wilma,Wildblood,wwildbloodc6@sogou.com,909-127-4890
7987733,Law,Ludwig,lludwigc7@stumbleupon.com,303-118-0043
8116755,Reade,Beever,rbeeverc8@wiley.com,303-331-5465
6241888,Tabbie,Von Helmholtz,tvonhelmholtzc9@google.co.uk,559-808-8984
4661714,Thorn,Lepper,tlepperca@1688.com,214-629-2788
5538519,Maurine,Tatam,mtatamcb@sina.com.cn,915-108-4788
4516568,Therese,Critchlow,tcritchlowcc@indiatimes.com,832-832-9015
6338424,Evvie,Cranke,ecrankecd@tumblr.com,414-359-3430
3632655,Devon,Vickery,dvickeryce@nsw.gov.au,716-455-6419
8315232,Nevile,Dincke,ndinckecf@google.cn,775-575-4062
1955529,Lyndel,Breddy,lbreddycg@hugedomains.com,713-917-4450
8313217,Addie,Kopisch,akopischch@techcrunch.com,425-838-0128
4569291,Shaughn,Bloom,sbloomci@umn.edu,305-178-7973
9149923,Kacy,Grice,kgricecj@spotify.com,915-858-1314
9741631,Mirna,Pirri,mpirrick@smugmug.com,719-842-0891
5421949,Javier,Iacopetti,jiacopetticl@amazon.com,202-435-0949
6567971,Kattie,Jeratt,kjerattcm@berkeley.edu,978-532-5899
4986472,Pier,Jefferys,pjefferyscn@bloglines.com,970-100-2257
7938877,Deeann,Attfield,dattfieldco@acquirethisname.com,801-659-7454
6955864,Osborn,Goosey,ogooseycp@dagondesign.com,315-199-4310
2343355,Fleur,Codner,fcodnercq@elegantthemes.com,713-452-3750
6439436,Jake,Slocumb,jslocumbcr@engadget.com,202-720-3471
7123629,Geneva,Dolley,gdolleycs@xrea.com,330-381-7847
5422985,Marta,Snoxill,msnoxillct@meetup.com,813-864-6776
3399271,Karolina,Goodban,kgoodbancu@google.fr,937-128-0499
7787973,Arlette,Anwell,aanwellcv@dagondesign.com,508-581-0303
2632864,Kitty,Kirke,kkirkecw@newsvine.com,518-836-0558
1173496,Karleen,Hardinge,khardingecx@deviantart.com,320-321-4636
2315991,Merline,Fannin,mfannincy@hhs.gov,213-980-7137
9961344,Tedie,Hunstone,thunstonecz@statcounter.com,502-740-5043
3532467,Sharl,Laverty,slavertyd0@jigsy.com,561-138-6470
4726324,Berkley,Cabotto,bcabottod1@tumblr.com,505-240-4389
6458282,Eunice,Bartoszek,ebartoszekd2@wunderground.com,360-531-9776
4515219,Susanna,Jacobowitz,sjacobowitzd3@wordpress.org,804-114-5426
6355946,Blake,Southway,bsouthwayd4@sciencedirect.com,704-846-2516
9265366,Bunnie,Flanne,bflanned5@usatoday.com,907-474-9691
2133955,Lianne,Silversmid,lsilversmidd6@senate.gov,407-473-7257
8337159,Ricky,Linacre,rlinacred7@pcworld.com,217-674-4927
9715156,Gray,De Few,gdefewd8@redcross.org,859-916-2492
1764337,Amandi,Emby,aembyd9@telegraph.co.uk,503-443-5508
2174816,Peadar,Kleinhausen,pkleinhausenda@godaddy.com,915-631-4903
6383523,Dell,Voisey,dvoiseydb@theguardian.com,434-437-8807
9924675,Teresa,Benz,tbenzdc@rakuten.co.jp,239-363-4097
9755833,Dawn,Adacot,dadacotdd@miitbeian.gov.cn,707-565-1920
8478587,Avie,Pellamonuten,apellamonutende@independent.co.uk,251-949-3391
1647371,Claribel,Grier,cgrierdf@jugem.jp,802-835-6152
1514554,Julienne,Rockall,jrockalldg@oracle.com,321-369-0115
1267636,Rory,Mersh,rmershdh@apple.com,713-884-7511
3889279,Rube,Ilyinski,rilyinskidi@flickr.com,402-902-1115
6893944,Ash,Kitchingman,akitchingmandj@friendfeed.com,917-111-1194
1241297,Dilly,Couroy,dcouroydk@japanpost.jp,304-334-1898
4742133,Nicola,Clarkin,nclarkindl@yolasite.com,305-173-2424
9944446,Tasia,Corain,tcoraindm@about.com,941-404-4468
6353241,Rafa,Cordero,rcorderodn@nytimes.com,850-548-3604
5955695,Denna,McTerrelly,dmcterrellydo@narod.ru,334-844-2176
7534929,Tripp,Bowmen,tbowmendp@mapy.cz,904-456-5721
6125725,Duff,Ivain,divaindq@list-manage.com,405-346-6575
5353975,Courtney,Reggio,creggiodr@uol.com.br,208-324-0815
4247953,Cassondra,Smewings,csmewingsds@unesco.org,646-872-8082
7572265,Arden,Edgar,aedgardt@qq.com,407-412-2206
3151955,Saunderson,Crabb,scrabbdu@bloomberg.com,585-595-4893
1624236,Eliot,Ren,erendv@google.ru,951-673-1355
6182327,Ruprecht,Kernermann,rkernermanndw@t-online.de,704-604-4419
2679476,Kahaleel,Wiburn,kwiburndx@globo.com,610-797-0317
2468638,Valdemar,Dexter,vdexterdy@google.co.uk,202-845-2137
9527395,Clifford,Noble,cnobledz@ihg.com,347-818-1767
9211427,Karly,Youthed,kyouthede0@godaddy.com,419-221-1539
8936243,Tito,Lyokhin,tlyokhine1@intel.com,915-369-0324
6896541,Grace,Dri,gdrie2@dedecms.com,559-848-9083
6715461,Xaviera,Moorman,xmoormane3@4shared.com,202-349-7619
9895639,Rebecka,Bare,rbaree4@tiny.cc,650-341-2721
1471631,Pepillo,Larchier,plarchiere5@state.tx.us,614-285-4240
7758381,Cornelia,Glenn,cglenne6@alexa.com,318-117-0304
1273238,Stanton,Mayor,smayore7@yale.edu,602-816-1206
8125127,Joyous,Danilowicz,jdanilowicze8@phpbb.com,215-717-4084
1438541,Ulises,Cerie,uceriee9@uiuc.edu,843-422-9147
5134539,Tiffani,Taffee,ttaffeeea@who.int,505-775-9712
3471941,Freddy,Olorenshaw,folorenshaweb@omniture.com,205-929-0441
1883193,Nathanial,Clinton,nclintonec@google.ca,704-277-5074
8497678,Casie,Gommowe,cgommoweed@deviantart.com,205-583-1783
4436296,Lev,Russilll,lrussilllee@npr.org,225-721-5782
4531442,Gilemette,Weatherhill,gweatherhillef@harvard.edu,304-809-4164
5835342,Estel,Eilhertsen,eeilhertseneg@msn.com,904-332-7439
1498678,Shirleen,Kneal,sknealeh@europa.eu,423-473-4363
4139632,Clim,Pringell,cpringellei@cyberchimps.com,904-477-1843
7365395,Charo,Tomasi,ctomasiej@miitbeian.gov.cn,212-903-8109
2667316,Seline,Cadle,scadleek@1688.com,832-726-5750
8618758,Megan,Lines,mlinesel@yellowpages.com,415-612-8260
3872494,Lorry,Lathleiffure,llathleiffureem@constantcontact.com,512-727-1208
4327371,Rickie,Hardy,rhardyen@woothemes.com,202-804-8056
7268114,Gregory,Trenouth,gtrenoutheo@hatena.ne.jp,757-561-4829
6411396,Arman,Molyneaux,amolyneauxep@indiegogo.com,727-535-1654
3373251,Shannen,Mauser,smausereq@123-reg.co.uk,770-343-4651
7684759,Reiko,Langridge,rlangridgeer@sina.com.cn,602-877-7589
9946333,Jarib,Batchelor,jbatchelores@dot.gov,646-632-2059
5764388,Abbye,Todman,atodmanet@comsenz.com,602-781-9315
9487484,Arlinda,Bushell,abushelleu@domainmarket.com,714-174-3424
4482242,Luella,Harrema,lharremaev@flickr.com,802-881-9640
9964366,Ethelyn,Berre,eberreew@ibm.com,323-633-9871
3921824,Dacey,Papaminas,dpapaminasex@unicef.org,727-140-8987
4228429,Constantin,Meiner,cmeinerey@creativecommons.org,303-952-4608
6847163,Mil,Aysh,mayshez@cbslocal.com,405-795-1196
6436178,Meier,Wehden,mwehdenf0@auda.org.au,704-903-8834
5424524,Ase,Asman,aasmanf1@zdnet.com,202-280-3460
9643252,Petronella,Ferreira,pferreiraf2@myspace.com,757-463-2095
4588115,Adria,Dorset,adorsetf3@angelfire.com,770-397-9416
3465485,Shaine,Daber,sdaberf4@alibaba.com,504-702-2810
1489378,Kaila,Dearden,kdeardenf5@japanpost.jp,407-786-7878
4536978,Wilek,McHale,wmchalef6@psu.edu,202-173-7989
8691782,Eloise,Goodright,egoodrightf7@ustream.tv,202-904-5754
8716626,Gaylene,Willerson,gwillersonf8@telegraph.co.uk,412-112-6601
4889872,Meyer,Ehlerding,mehlerdingf9@google.es,206-967-0634
8283419,Anne,Foulser,afoulserfa@surveymonkey.com,312-599-6485
4623256,Allayne,Cockrem,acockremfb@123-reg.co.uk,212-772-1828
7666642,Eve,Viollet,eviolletfc@netlog.com,330-595-3343
1745995,Lu,Rissen,lrissenfd@unicef.org,212-912-1982
6687811,Goldy,Roony,groonyfe@webs.com,314-340-5290
8458951,Ciro,Oldford,coldfordff@washington.edu,585-143-0894
7572128,Herb,McGrath,hmcgrathfg@unc.edu,702-347-3572
7888715,Meridel,Laurentino,mlaurentinofh@cbc.ca,727-926-0118
1683498,Sergent,Briggs,sbriggsfi@google.es,757-172-3392
4668995,Esme,Maplesden,emaplesdenfj@linkedin.com,952-365-6120
5691237,Camile,Jobke,cjobkefk@goo.gl,404-266-7556
1191887,Ayn,Furzer,afurzerfl@theguardian.com,952-403-6186
4218461,Veronica,Meriot,vmeriotfm@cocolog-nifty.com,434-555-1054
1876145,Derward,Paolo,dpaolofn@alibaba.com,513-614-0613
4665972,Geri,Goodlip,ggoodlipfo@businesswire.com,585-127-9276
9597614,Candie,Filipov,cfilipovfp@edublogs.org,626-233-0708
9731726,Lynnette,Bernetti,lbernettifq@ameblo.jp,239-216-7422
2832394,Rhett,Stanton,rstantonfr@howstuffworks.com,701-858-7619
6152777,Jedediah,Flaverty,jflavertyfs@japanpost.jp,602-745-0308
8156919,Shalom,Sugg,ssuggft@illinois.edu,210-595-5893
9485143,Bernard,Coarser,bcoarserfu@studiopress.com,205-388-7787
1468889,Eldredge,Denyukin,edenyukinfv@icio.us,505-651-1716
4441782,Zabrina,Grayley,zgrayleyfw@alexa.com,919-278-4954
8963238,Pen,Renfield,prenfieldfx@github.io,704-867-7320
4664732,Marrissa,Garfath,mgarfathfy@diigo.com,571-557-3873
1553399,Luca,Rennels,lrennelsfz@alibaba.com,650-862-4309
4668448,Annice,Dowey,adoweyg0@shinystat.com,513-485-2086
8786136,Jobye,Fiddeman,jfiddemang1@google.de,253-908-8002
2625945,Leone,Corns,lcornsg2@eepurl.com,318-137-2268
4933148,Ashlen,Pierson,apiersong3@eepurl.com,415-851-1158
9385844,Malissia,Mathwin,mmathwing4@imgur.com,515-307-0883
9289427,Lusa,Gentner,lgentnerg5@newyorker.com,504-732-3825
6962545,Kristina,Ameer-Beg,kameerbegg6@facebook.com,314-909-7383
2731418,Uta,Vakhlov,uvakhlovg7@g.co,601-250-0078
8419244,Devy,Burgher,dburgherg8@cargocollective.com,502-532-2791
4475641,Fairfax,Seamon,fseamong9@cam.ac.uk,571-699-3863
9253134,Farand,O'Doohaine,fodoohainega@163.com,304-419-5639
9253456,Christie,Pengelly,cpengellygb@de.vu,918-855-3685
2677346,Tommie,Shoulders,tshouldersgc@engadget.com,915-292-3476
8571453,Brunhilde,Robbings,brobbingsgd@ifeng.com,386-801-5619
3993712,Dallas,Fausch,dfauschge@guardian.co.uk,210-195-4992
2531272,Val,Desquesnes,vdesquesnesgf@github.io,209-248-9948
1597677,Kimberlyn,End,kendgg@mit.edu,202-379-9304
4757483,Vin,Armsden,varmsdengh@chronoengine.com,828-355-5973
1686724,Marybelle,Glisenan,mglisenangi@ameblo.jp,407-169-5744
8564771,Grace,Chatin,gchatingj@ovh.net,763-335-3104
7893954,Gib,Twiddell,gtwiddellgk@wikispaces.com,202-973-8054
4816347,Northrop,Bockett,nbockettgl@newsvine.com,505-869-9452
9811493,Gwenneth,Elcoux,gelcouxgm@yandex.ru,646-219-5547
9474684,Valene,Featherstone,vfeatherstonegn@ted.com,916-175-4933
6696841,Dyane,Joscelyne,djoscelynego@vimeo.com,601-471-9376
9126297,Ajay,Pockett,apockettgp@lulu.com,619-255-7885
4484266,Heddi,Baltzar,hbaltzargq@xinhuanet.com,701-281-3329
5771398,Rourke,Payton,rpaytongr@mapquest.com,720-732-1809
4633673,Janie,Gowler,jgowlergs@accuweather.com,352-727-8821
3258663,Carroll,Lopez,clopezgt@g.co,360-862-9083
3116717,Donavon,Arnowicz,darnowiczgu@forbes.com,502-475-5210
2367311,Darryl,Malicki,dmalickigv@tinypic.com,661-989-5008
4433439,Harriett,Orchart,horchartgw@sohu.com,989-589-2043
3961523,Way,Swadon,wswadongx@hubpages.com,203-843-5420
9162414,Darby,Matheson,dmathesongy@ebay.co.uk,816-631-4621
3276626,Zonda,Montier,zmontiergz@mapy.cz,229-721-9272
5428295,Ray,Bees,rbeesh0@cmu.edu,972-335-0790
4122781,Glenden,Marples,gmarplesh1@quantcast.com,302-269-4588
4212319,Brandi,Dunnett,bdunnetth2@bluehost.com,405-538-0139
4945996,Consuela,Pancost,cpancosth3@bizjournals.com,480-908-9880
4284528,Storm,Hailes,shailesh4@deviantart.com,850-276-2536
8924635,Domingo,Lademann,dlademannh5@twitpic.com,305-361-4194
7257125,Valaria,Tolan,vtolanh6@altervista.org,916-730-4280
8314968,Mufi,Doag,mdoagh7@vkontakte.ru,309-548-1315
2948198,Jo ann,Delahunty,jdelahuntyh8@cafepress.com,513-366-9537
2484572,Rosita,Game,rgameh9@pcworld.com,626-863-8462
9956139,Fleurette,Mowsdill,fmowsdillha@csmonitor.com,858-859-0989
6642119,Emalia,Ropert,eroperthb@cdc.gov,303-839-4599
4685429,Freida,Steed,fsteedhc@umich.edu,804-901-1649
5214924,Terri-jo,Cotillard,tcotillardhd@arstechnica.com,214-347-5347
9338212,Nowell,Capponer,ncapponerhe@noaa.gov,404-743-1015
2768527,Reider,Bolliver,rbolliverhf@eepurl.com,704-297-2872
8714378,Annalee,Pinor,apinorhg@miitbeian.gov.cn,915-421-9052
4515894,Jacquelyn,Deane,jdeanehh@tinypic.com,828-464-4499
7286513,Britteny,Calan,bcalanhi@themeforest.net,510-845-8291
3731135,Kimberlyn,Kilbride,kkilbridehj@nydailynews.com,518-497-2411
3884478,Kaia,Klewi,kklewihk@bbb.org,202-354-1106
8714883,Lettie,Lygo,llygohl@tamu.edu,602-244-2389
1296133,Bertha,Storck,bstorckhm@example.com,208-472-8005
9374698,Anna-maria,Phillps,aphillpshn@infoseek.co.jp,202-631-4106
9954519,Vevay,Panton,vpantonho@acquirethisname.com,812-346-6937
6645826,Amalee,Sandbach,asandbachhp@weather.com,915-588-2476
2121971,Hildagard,Haresnape,hharesnapehq@buzzfeed.com,317-186-3741
7386877,Elmer,Smidmoor,esmidmoorhr@wikia.com,234-810-8507
4389985,Vernon,Crowche,vcrowchehs@tripadvisor.com,413-767-5546
4963442,Camel,Leftwich,cleftwichht@google.co.jp,917-883-2031
7686564,Aylmar,Colliford,acollifordhu@i2i.jp,786-320-7901
5721452,Aubrie,MacKintosh,amackintoshhv@tripadvisor.com,201-780-3279
7539437,Ceciley,Hewins,chewinshw@imgur.com,314-644-3314
4524266,Lilias,Guilloud,lguilloudhx@live.com,727-280-3990
4622843,Miguelita,Holah,mholahhy@hatena.ne.jp,571-273-8577
8338493,Francyne,Harvison,fharvisonhz@netvibes.com,661-339-0534
9982877,Karney,Imrie,kimriei0@mlb.com,315-770-0693
1371929,Odille,Camblin,ocamblini1@ocn.ne.jp,816-500-0469
8616127,Lenette,Groocock,lgroococki2@hugedomains.com,609-871-4525
9754933,Katha,Neiland,kneilandi3@yahoo.com,719-461-1779
7663972,Julie,Satch,jsatchi4@nifty.com,843-210-6918
4471375,Briney,Dumbrall,bdumbralli5@admin.ch,518-412-1690
4857913,Giordano,Zamudio,gzamudioi6@printfriendly.com,718-626-0980
7689414,Antonius,Beamond,abeamondi7@mediafire.com,203-450-9035
4746339,Joli,Albarez,jalbarezi8@spiegel.de,719-596-8686
4261683,Sapphire,Hardwicke,shardwickei9@bizjournals.com,314-417-6788
4262813,Toma,Headingham,theadinghamia@sina.com.cn,614-852-9604
3721173,Millard,Lafferty,mlaffertyib@who.int,909-358-6646
7413632,Teodor,Kits,tkitsic@paypal.com,202-908-6758
4886894,Johann,Spriggin,jsprigginid@domainmarket.com,608-227-0441
8874648,Kellie,Acklands,kacklandsie@t.co,619-550-9281
4962565,Vernon,Mungham,vmunghamif@discuz.net,610-111-4272
1882375,Terrell,Mothersdale,tmothersdaleig@rambler.ru,786-643-1822
3893919,Manfred,Baldack,mbaldackih@weibo.com,563-727-3561
5648445,Sally,Vasnev,svasnevii@usa.gov,330-218-6499
7553941,Elberta,Tunney,etunneyij@columbia.edu,202-582-5097
7616197,Dory,Brisse,dbrisseik@spotify.com,847-578-7761
7882882,Aurilia,Tellenbrook,atellenbrookil@rambler.ru,307-994-4342
5468655,Lucho,Shenfisch,lshenfischim@noaa.gov,765-746-2614
9694326,Eldredge,Mewrcik,emewrcikin@bloglines.com,717-774-5837
2919919,Ethyl,Twinn,etwinnio@ameblo.jp,513-331-8523
5855723,Rosalynd,M'Quharg,rmquhargip@rambler.ru,502-182-4681
9624781,Leona,Casiero,lcasieroiq@icq.com,559-282-4320
8587425,Coreen,Lamy,clamyir@scribd.com,801-794-9181
2936361,Roseann,Spuner,rspuneris@theatlantic.com,202-478-5686
3184689,Adlai,Gregorowicz,agregorowiczit@yahoo.com,518-782-7044
9747159,Bethina,Gibbins,bgibbinsiu@devhub.com,559-912-5365
1323736,Lin,Becconsall,lbecconsalliv@google.com.au,602-823-2306
2669278,Iago,Storks,istorksiw@soup.io,917-732-8801
1997759,Layton,Benesevich,lbenesevichix@imgur.com,501-974-8263
9227989,Thom,Biddle,tbiddleiy@prweb.com,832-339-2045
3359328,Vite,Boor,vbooriz@msu.edu,304-461-5709
5837162,Auberta,Filyakov,afilyakovj0@weibo.com,202-285-8287
9558363,Jemmie,Lifsey,jlifseyj1@nytimes.com,901-319-1327
5115714,Jodie,Woodington,jwoodingtonj2@dedecms.com,214-872-6182
4466666,Valaria,Dimont,vdimontj3@chronoengine.com,712-402-7318
6458278,Edy,Mustard,emustardj4@toplist.cz,352-698-0654
2973776,Gray,Rispen,grispenj5@drupal.org,763-995-1226
3661971,Queenie,O'Corhane,qocorhanej6@liveinternet.ru,202-345-5793
2811626,Phillip,Dunsmore,pdunsmorej7@blogtalkradio.com,724-422-7478
2111657,Paton,Dorricott,pdorricottj8@imgur.com,915-576-6579
1167365,Gilles,Dashkovich,gdashkovichj9@opensource.org,904-552-4073
7824838,Laney,Fernyhough,lfernyhoughja@xing.com,312-938-6432
8744363,Minne,Downgate,mdowngatejb@theatlantic.com,704-370-9368
5583712,Carlie,Trenear,ctrenearjc@hubpages.com,850-440-6046
3948217,Eustace,Yakobovitz,eyakobovitzjd@hp.com,585-142-8565
8998762,Rosco,Dessant,rdessantje@tiny.cc,806-215-5902
6522831,Kalvin,Margaritelli,kmargaritellijf@telegraph.co.uk,315-684-6939
9659498,Korrie,Longfut,klongfutjg@xinhuanet.com,202-429-1682
3752654,Carrie,Abdey,cabdeyjh@1688.com,816-170-7179
9651784,Kylie,Toolan,ktoolanji@netscape.com,919-305-3772
2985913,Aymer,Milne,amilnejj@unesco.org,786-198-9804
4281623,Kattie,Stutt,kstuttjk@dropbox.com,772-322-1550
2151246,Alicia,Harrison,aharrisonjl@i2i.jp,916-867-5887
6958576,Georgianne,Shadbolt,gshadboltjm@independent.co.uk,754-403-0511
3956157,Renate,Harrop,rharropjn@dagondesign.com,505-387-6758
9634797,Diane-marie,Ruppele,druppelejo@fda.gov,979-405-6075
7448328,Lorinda,Cridlan,lcridlanjp@craigslist.org,304-860-9242
4863975,Elfrida,Lownsbrough,elownsbroughjq@cbslocal.com,208-768-9742
1788779,Cordy,Degoe,cdegoejr@tamu.edu,334-115-4566
4981839,Alexandros,Klassmann,aklassmannjs@w3.org,951-457-8885
6656913,Delmer,Voller,dvollerjt@sina.com.cn,574-631-0323
9683487,Easter,Ormston,eormstonju@google.ca,336-532-0851
3222595,Walsh,Tomlin,wtomlinjv@joomla.org,909-477-6225
4189925,Micheline,Chitty,mchittyjw@topsy.com,316-547-3823
1494691,Kizzee,Macro,kmacrojx@utexas.edu,260-882-7704
8842468,Quinton,Skiggs,qskiggsjy@vimeo.com,913-177-4440
5117438,Clarinda,Enser,censerjz@engadget.com,859-493-9310
1679828,Joscelin,D'Adda,jdaddak0@symantec.com,515-375-1919
5212827,Georgeta,Solloway,gsollowayk1@alibaba.com,954-343-0022
1148767,Veronika,Rouge,vrougek2@weather.com,509-296-0500
5754849,Darbee,Cumes,dcumesk3@craigslist.org,682-268-6437
9493893,Ashien,Fathers,afathersk4@reddit.com,858-108-8772
1323348,Sam,Crofthwaite,scrofthwaitek5@google.co.jp,806-242-9290
5529777,Billy,Holme,bholmek6@sitemeter.com,913-327-0211
9161688,Rafferty,Ogden,rogdenk7@eventbrite.com,513-237-4414
5669932,Wynn,De L'Isle,wdelislek8@ucoz.com,757-105-5142
5466728,Amanda,Biford,abifordk9@sitemeter.com,910-633-3593
7947935,Kaia,Boyles,kboyleska@yellowpages.com,602-696-8232
7682475,Bethanne,Thomelin,bthomelinkb@slideshare.net,202-750-6559
9487458,Odessa,Wyness,owynesskc@typepad.com,234-252-4271
5665795,Bone,Crowden,bcrowdenkd@diigo.com,321-524-4899
3929873,Dani,Poundford,dpoundfordke@blogspot.com,718-322-5530
7218941,Milzie,Seamans,mseamanskf@fema.gov,808-107-2363
9534385,Adam,Aspland,aasplandkg@tinyurl.com,864-500-4290
6332964,Leanor,Dawtre,ldawtrekh@sciencedirect.com,512-591-6812
8374282,Jamison,Littrik,jlittrikki@constantcontact.com,408-468-4145
5515297,Valida,Wanklyn,vwanklynkj@skyrock.com,404-174-6229
7317386,Ashlin,Brandenberg,abrandenbergkk@mapquest.com,804-912-5537
1659931,Ludvig,Aliberti,lalibertikl@prlog.org,209-367-1483
1811139,Vonny,Fontel,vfontelkm@tiny.cc,808-331-3121
9557593,Poppy,McKew,pmckewkn@utexas.edu,814-526-7098
9557371,Lexine,Quarton,lquartonko@intel.com,352-818-6384
7148178,Ashely,Mapis,amapiskp@gizmodo.com,775-366-7444
1233758,Vachel,Marguerite,vmargueritekq@census.gov,209-547-4354
3855691,Tommy,Cragell,tcragellkr@jiathis.com,573-349-0800
8939983,Katheryn,Lesly,kleslyks@goo.gl,202-445-6713
8883288,Tarah,Thomton,tthomtonkt@fotki.com,865-712-1657
2893242,Jo-anne,Eby,jebyku@lulu.com,619-897-8304
9725736,Krysta,Ellaman,kellamankv@timesonline.co.uk,260-311-9705
6849565,Crissie,Essame,cessamekw@buzzfeed.com,801-863-2863
8153776,Inessa,Hayland,ihaylandkx@ibm.com,831-242-1301
8455333,Adella,Coare,acoareky@multiply.com,415-609-5472
8655722,Grantley,Ibbeson,gibbesonkz@skyrock.com,952-478-3530
3234458,Curtis,Broadis,cbroadisl0@freewebs.com,706-727-1370
4738158,Inesita,Ennew,iennewl1@tinyurl.com,801-209-4376
6474843,Ronalda,Maykin,rmaykinl2@blinklist.com,917-470-0211
9534124,Rinaldo,Rizon,rrizonl3@geocities.com,202-807-2485
2591594,Merl,Stares,mstaresl4@cmu.edu,727-951-3664
1261527,Lanette,Shotton,lshottonl5@163.com,773-600-6955
2165241,Katrine,Reichartz,kreichartzl6@unc.edu,602-295-2935
7376993,Alfi,Geering,ageeringl7@usatoday.com,502-282-1476
5653256,Nannie,Rouf,nroufl8@purevolume.com,806-659-4776
2444291,Lethia,Harfoot,lharfootl9@mtv.com,214-404-8608
6827863,Erik,Gobel,egobella@bloglines.com,770-136-0231
7356542,Collin,Itzkovwitch,citzkovwitchlb@domainmarket.com,704-480-1295
4271456,Nichole,Graeme,ngraemelc@miibeian.gov.cn,602-286-2333
3811713,Jennie,Girkin,jgirkinld@va.gov,719-217-9275
5536182,David,Wearing,dwearingle@indiegogo.com,510-391-0094
3972422,Lottie,Mertin,lmertinlf@addthis.com,260-918-2572
7693191,Valentina,Kilius,vkiliuslg@dailymail.co.uk,719-421-2644
6944414,Jaymie,Boddis,jboddislh@jalbum.net,972-330-9209
2936942,Giff,Drains,gdrainsli@cisco.com,859-521-9565
9517954,Pacorro,Rylance,prylancelj@gnu.org,225-653-3718
3544883,Doralynn,Showell,dshowelllk@washingtonpost.com,209-956-9322
9716338,Dena,Wethers,dwethersll@dot.gov,404-101-8113
3457617,Gay,Twyning,gtwyninglm@netlog.com,757-356-7338
6681397,Carlynne,MacClinton,cmacclintonln@yellowbook.com,763-537-9576
3856262,Sybila,Forsdike,sforsdikelo@alexa.com,952-703-8694
8225761,Glen,Aguilar,gaguilarlp@ca.gov,907-912-1627
5298831,Aubrey,Shoebridge,ashoebridgelq@blogger.com,412-631-8832
9272493,Stanfield,McEwan,smcewanlr@washington.edu,404-871-2827
8929641,Charyl,Grivori,cgrivorils@vk.com,203-710-2949
2146333,Aguste,Hammer,ahammerlt@wp.com,404-365-8433
5179324,Stillmann,Kelloch,skellochlu@flickr.com,510-634-7115
7954933,Celisse,Satterfitt,csatterfittlv@fda.gov,469-716-7120
7996481,Virgie,Alenshev,valenshevlw@topsy.com,865-693-4372
3265871,Halsey,Dorr,hdorrlx@sohu.com,314-620-6774
7219597,Allis,Yesichev,ayesichevly@digg.com,617-505-1730
8117367,Nathanael,Kimble,nkimblelz@printfriendly.com,609-523-5014
3283511,Grier,Brandham,gbrandhamm0@youtu.be,509-717-8777
6252677,Shelton,Carrivick,scarrivickm1@sun.com,682-727-1520
4569747,Skelly,Glasser,sglasserm2@sciencedaily.com,763-847-0817
1458724,Trixie,Ruggier,truggierm3@wikia.com,616-531-6868
8861968,Fraze,Shortan,fshortanm4@constantcontact.com,907-314-5525
2196126,Peadar,Westwood,pwestwoodm5@opera.com,339-340-1560
1845875,Bondon,Digle,bdiglem6@youtube.com,754-626-8597
1876922,Cathe,Scarman,cscarmanm7@usgs.gov,352-499-2957
2823834,Roy,Baudoux,rbaudouxm8@fda.gov,229-560-7673
4896996,Darsie,Macconachy,dmacconachym9@themeforest.net,417-752-1226
1291215,Rivy,Figliovanni,rfigliovannima@blogs.com,918-980-3298
7457452,Perrine,Rampling,pramplingmb@netlog.com,323-189-0192
6833273,Lavinie,Hasley,lhasleymc@state.gov,212-181-0433
3163621,Thebault,Belchem,tbelchemmd@dagondesign.com,214-155-4261
8515717,Engelbert,Sheers,esheersme@wikia.com,813-431-9439
3729525,Lesli,Passie,lpassiemf@europa.eu,313-862-4301
7186425,Kerianne,Adcock,kadcockmg@uol.com.br,513-217-2803
7796391,Cissiee,Ramet,crametmh@independent.co.uk,334-298-5475
2153263,Rosalind,Sewell,rsewellmi@feedburner.com,727-907-0844
2562241,Pauletta,Roberds,proberdsmj@aboutads.info,517-932-0565
9276731,Twyla,Hamsley,thamsleymk@a8.net,850-378-4202
2717536,Sholom,Castan,scastanml@aol.com,205-750-5716
1158147,Theodoric,Winpenny,twinpennymm@latimes.com,913-643-4879
1565621,Taffy,Kalb,tkalbmn@wikispaces.com,480-759-8827
3564999,Lissie,Domek,ldomekmo@lycos.com,561-693-3503
8786236,Maxim,Hails,mhailsmp@about.com,763-430-4897
9213533,Willdon,Coventon,wcoventonmq@chicagotribune.com,904-585-9180
6374972,Lindy,Yurchenko,lyurchenkomr@wisc.edu,940-583-2406
6721745,Glenden,Sexon,gsexonms@usda.gov,614-305-3279
8146871,Dimitry,Boshell,dboshellmt@yahoo.co.jp,913-986-0855
1436416,Francoise,Burgoyne,fburgoynemu@google.co.uk,757-320-2415
7171366,Moselle,Learned,mlearnedmv@house.gov,405-252-6622
5977437,Kristos,Osichev,kosichevmw@ihg.com,202-408-3892
1888491,Karyn,Bodocs,kbodocsmx@quantcast.com,804-449-7013
9171489,Alyson,Fosdyke,afosdykemy@people.com.cn,940-198-2039
7342447,Katharyn,Barensen,kbarensenmz@ted.com,775-107-5838
6282216,Raina,Chace,rchacen0@flavors.me,219-956-8215
3197956,Brandea,Gillyett,bgillyettn1@dagondesign.com,717-552-9932
2168221,Lainey,Fowler,lfowlern2@hc360.com,850-592-5419
1465955,Maggi,Amburgy,mamburgyn3@nhs.uk,850-299-9774
3829673,Loreen,Browett,lbrowettn4@ovh.net,213-392-8844
2172994,Pete,Bordman,pbordmann5@independent.co.uk,212-558-2870
8972387,Findlay,Daldry,fdaldryn6@cargocollective.com,414-678-0171
2673327,Joella,Bollen,jbollenn7@myspace.com,434-795-6309
5162388,Jory,Lackney,jlackneyn8@xing.com,304-957-6723
3178691,Berry,Boissier,bboissiern9@dell.com,214-795-4156
3757942,Georgina,Fairholme,gfairholmena@flickr.com,504-917-8215
7295152,Augusta,Fancourt,afancourtnb@cbc.ca,217-551-2133
4536171,Rafe,Pampling,rpamplingnc@hatena.ne.jp,213-282-4873
1467126,Arvie,Bicksteth,abickstethnd@odnoklassniki.ru,414-850-1766
4832376,Cthrine,Arnal,carnalne@bing.com,212-674-6991
8325634,Marisa,Breinlein,mbreinleinnf@dyndns.org,302-755-8719
6924683,Wesley,Attenborough,wattenboroughng@qq.com,913-918-4064
9494627,Nat,Purkiss,npurkissnh@deliciousdays.com,754-992-8651
7969634,Gaile,Guiness,gguinessni@bandcamp.com,713-900-9972
3168332,Allison,Masic,amasicnj@nytimes.com,202-952-7312
7785899,Ode,Neaverson,oneaversonnk@forbes.com,314-392-0593
6536627,Coleen,Sydall,csydallnl@deviantart.com,610-778-6634
2188853,Carmita,Duhig,cduhignm@skyrock.com,214-736-4192
5533449,Thor,Matyukon,tmatyukonnn@cpanel.net,215-945-2411
2866427,Thalia,Tipling,ttiplingno@xinhuanet.com,334-659-7091
3674724,Bev,McGilleghole,bmcgillegholenp@com.com,716-955-1193
9321446,Enrique,Filochov,efilochovnq@yale.edu,513-923-7079
1493612,Sandro,Webben,swebbennr@amazon.com,269-977-1357
4847897,Jeramie,Rigden,jrigdenns@trellian.com,303-190-8229
2262145,Quintina,Fillary,qfillarynt@foxnews.com,713-115-6294
3818175,Cullin,Fortye,cfortyenu@skype.com,215-788-7109
1279527,Sayer,Gantz,sgantznv@time.com,239-200-7716
1339718,Alejoa,Banat,abanatnw@mail.ru,414-391-8016
3235776,Rossy,Rosenvasser,rrosenvassernx@edublogs.org,208-750-0514
6574113,Gilberte,O'Dowd,godowdny@ucsd.edu,806-757-8096
8116112,Denyse,Littrell,dlittrellnz@prlog.org,530-655-7338
7788921,Wynnie,Middlemist,wmiddlemisto0@mediafire.com,212-490-9924
2775329,Pattie,Cino,pcinoo1@cyberchimps.com,330-594-2727
4784894,Muhammad,Russam,mrussamo2@tamu.edu,405-160-8232
7655362,Brade,Marklew,bmarklewo3@joomla.org,404-778-0308
9265962,Modesta,Elsy,melsyo4@deviantart.com,702-717-1117
4435747,Cherlyn,Riding,cridingo5@myspace.com,973-533-7539
3732512,Deena,Macer,dmacero6@e-recht24.de,650-223-1974
9168343,Evelin,Leyrroyd,eleyrroydo7@uol.com.br,402-496-1471
6953267,Cindelyn,Maddicks,cmaddickso8@nydailynews.com,803-276-2791
7333526,Halie,Petroulis,hpetrouliso9@phpbb.com,303-939-4727
4883327,Abbie,McGow,amcgowoa@harvard.edu,540-702-4192
5467832,Ynez,Blessed,yblessedob@hc360.com,704-960-9230
5633942,Janessa,Maunton,jmauntonoc@paginegialle.it,510-589-3359
5139363,Jeffrey,Yakovl,jyakovlod@github.com,904-369-8990
1698117,Starr,Fearnyough,sfearnyoughoe@oracle.com,614-467-2721
8896311,Suellen,Thackham,sthackhamof@nifty.com,406-797-9258
7331873,Joshua,Waldram,jwaldramog@apple.com,612-187-4998
1629263,Sarita,Fevier,sfevieroh@technorati.com,719-231-2847
4146861,Kora,Plevey,kpleveyoi@mit.edu,937-479-9184
9232284,Charles,Okenfold,cokenfoldoj@gizmodo.com,219-382-9811
3689127,Domeniga,Alexandrou,dalexandrouok@goo.ne.jp,713-130-2747
3591548,Nathan,Campanelli,ncampanelliol@photobucket.com,716-310-6201
1215816,Anselma,Brockington,abrockingtonom@imageshack.us,608-930-6387
6852943,Nisse,O'Donohue,nodonohueon@thetimes.co.uk,509-375-7743
8664375,Elston,Germon,egermonoo@omniture.com,309-387-8728
7991826,Alford,Krysiak,akrysiakop@ucoz.ru,212-548-1495
2521123,Sauncho,Ketchell,sketchelloq@blogspot.com,915-899-7764
7328166,Kali,Springell,kspringellor@liveinternet.ru,508-991-0964
9581347,Randie,De la Eglise,rdelaegliseos@foxnews.com,510-704-9881
9147994,Ambur,Alyoshin,aalyoshinot@salon.com,713-949-8635
6817334,Barn,Stebbings,bstebbingsou@comcast.net,251-787-1007
2312537,Cesar,Dericut,cdericutov@oracle.com,816-174-7962
1368271,Joseph,Seaward,jseawardow@walmart.com,818-849-0676
6192254,Trey,Foulis,tfoulisox@addtoany.com,281-736-2694
6123274,Griff,Bourchier,gbourchieroy@hatena.ne.jp,309-872-9273
2697856,Ruttger,Diemer,rdiemeroz@nymag.com,402-309-8418
8372187,Willyt,Stiegars,wstiegarsp0@pbs.org,405-344-9445
8354828,Diahann,Baselio,dbaseliop1@tumblr.com,516-333-7882
7925595,Bill,Bauldrey,bbauldreyp2@blogtalkradio.com,602-945-0049
1862494,Windy,Luto,wlutop3@theatlantic.com,302-373-2803
7573772,Alanah,Manston,amanstonp4@tripod.com,217-781-4803
6361338,Skyler,Sandey,ssandeyp5@imageshack.us,253-585-9858
6986124,Laurella,Cuphus,lcuphusp6@t.co,432-310-1425
7798713,Edithe,Zanicchi,ezanicchip7@gmpg.org,218-184-8049
2441598,Rorie,Musselwhite,rmusselwhitep8@miitbeian.gov.cn,612-790-2512
9651883,Vivien,Verecker,vvereckerp9@istockphoto.com,321-293-7018
1831745,Leanna,Garber,lgarberpa@qq.com,202-525-0712
6118842,Sargent,Marcus,smarcuspb@salon.com,754-746-4945
5829551,Dare,Di Claudio,ddiclaudiopc@sina.com.cn,718-499-1199
5636657,Jaye,Mulliss,jmullisspd@sohu.com,602-228-5365
4683255,Ursola,Houdmont,uhoudmontpe@mit.edu,571-855-2511
7959338,Decca,Brett,dbrettpf@cargocollective.com,202-823-3691
6394388,Etta,Trematick,etrematickpg@jalbum.net,707-233-1009
7552195,Jerry,Watting,jwattingph@tuttocitta.it,717-225-2539
6318159,Alanson,Hansberry,ahansberrypi@rediff.com,615-432-0518
6916141,Katharyn,Shaddick,kshaddickpj@flickr.com,405-666-7606
9534478,Karel,Creedland,kcreedlandpk@mediafire.com,816-164-1891
1248823,Trula,Dunderdale,tdunderdalepl@abc.net.au,704-988-3027
2773932,Gracie,Piercey,gpierceypm@yellowpages.com,941-227-2159
5689657,Mariette,Wormstone,mwormstonepn@gravatar.com,907-269-4251
9957461,Fremont,Marini,fmarinipo@nature.com,415-516-7790
7452866,Eberto,Bason,ebasonpp@gov.uk,763-270-0332
8732374,Godfree,Geist,ggeistpq@wordpress.org,323-399-5290
6714755,Orton,Echlin,oechlinpr@nasa.gov,813-673-6478
3546379,Aimee,Goomes,agoomesps@whitehouse.gov,804-521-9194
8257614,Catarina,Overnell,covernellpt@columbia.edu,412-688-7123
7215672,Marta,Jaksic,mjaksicpu@163.com,408-420-2568
8235944,Mehetabel,Branno,mbrannopv@github.com,949-660-1152
8322854,Tildi,Lefwich,tlefwichpw@amazon.co.jp,501-913-5383
1948136,Jane,Kulicke,jkulickepx@barnesandnoble.com,916-274-1997
9264915,Jarret,Fant,jfantpy@nhs.uk,202-510-9151
1431837,Pearle,Mc Cahey,pmccaheypz@ed.gov,402-902-5520
4778363,Zeke,Kill,zkillq0@pbs.org,404-487-4544
8587611,Mendy,Dee,mdeeq1@ask.com,904-201-2776
4125266,Wilden,Vasilyev,wvasilyevq2@apache.org,214-438-9915
1728542,Marietta,Innott,minnottq3@economist.com,602-488-6394
7559686,Maddalena,Attarge,mattargeq4@privacy.gov.au,785-697-5285
8491571,Sofia,Lanigan,slaniganq5@yolasite.com,801-427-6266
4119341,Anitra,Mattschas,amattschasq6@dmoz.org,646-217-3009
6162717,Dierdre,Bahde,dbahdeq7@ameblo.jp,806-977-8929
6516225,Dodi,Aikett,daikettq8@merriam-webster.com,305-294-9456
2271727,Shayla,Rosten,srostenq9@cornell.edu,505-111-3101
4561211,Mollie,Tolomei,mtolomeiqa@bizjournals.com,212-632-6980
2521646,Husein,Mackelworth,hmackelworthqb@artisteer.com,816-733-3850
9852178,Enrica,Lorans,eloransqc@rediff.com,678-482-6331
5915692,Hallsy,Cayette,hcayetteqd@smh.com.au,209-518-9726
1556617,Aharon,Griffiths,agriffithsqe@youtu.be,814-504-6492
9215248,Goldie,Orkney,gorkneyqf@canalblog.com,404-641-7354
1732375,Jehanna,Bearfoot,jbearfootqg@fc2.com,202-227-6310
7938629,Addy,Jephcote,ajephcoteqh@ezinearticles.com,901-332-7932
2324365,Lynea,Greenig,lgreenigqi@photobucket.com,205-353-8899
7619677,Beatrisa,Alexander,balexanderqj@ehow.com,314-375-3306
1369978,Fransisco,Holywell,fholywellqk@thetimes.co.uk,520-385-3595
4768923,Koralle,Paddy,kpaddyql@hatena.ne.jp,225-612-0255
2634236,Dru,Yeardsley,dyeardsleyqm@lycos.com,678-948-9149
7592199,Jobey,Blaydon,jblaydonqn@unesco.org,206-819-7669
1984518,Robinet,Bunn,rbunnqo@boston.com,214-968-3937
1397394,Jacob,Lillicrop,jlillicropqp@live.com,904-886-8208
6339695,Adriana,Urquhart,aurquhartqq@cbc.ca,601-142-6625
8248948,Olivier,Strain,ostrainqr@squidoo.com,304-279-1156
4338561,Linea,Burgwin,lburgwinqs@unicef.org,303-408-2178
4193959,Holli,Fenck,hfenckqt@hud.gov,915-117-6720
6326449,Constancy,Aizkovitch,caizkovitchqu@engadget.com,651-756-0580
2489761,Pansie,McGing,pmcgingqv@cbsnews.com,510-470-6448
3511819,Emlyn,McDade,emcdadeqw@aol.com,334-490-6916
7714528,Monica,Mouat,mmouatqx@cdbaby.com,239-434-7242
8932138,Skelly,Maving,smavingqy@cmu.edu,901-922-3073
1553813,Jeana,Barrowcliff,jbarrowcliffqz@moonfruit.com,216-277-1271
8259138,Rance,Stollberger,rstollbergerr0@bbc.co.uk,682-295-5329
6627218,Gertrud,Roizn,groiznr1@lycos.com,310-325-0829
9778793,Ebba,Sharram,esharramr2@behance.net,786-242-0995
8483987,Vanya,Orring,vorringr3@prlog.org,701-219-2974
3991538,Hazel,Petyanin,hpetyaninr4@homestead.com,305-281-1295
8138792,Wadsworth,Kerkham,wkerkhamr5@illinois.edu,419-844-9629
6993546,Roxanna,McKune,rmckuner6@google.co.uk,518-278-9848
2763662,Linda,Tomsa,ltomsar7@huffingtonpost.com,312-944-5856
9259383,Guillermo,Ashfull,gashfullr8@disqus.com,401-144-6420
9338847,Milzie,Blowne,mblowner9@macromedia.com,312-549-7495
6974794,Branden,Geely,bgeelyra@google.ca,508-468-8968
4225212,Felicle,Strettell,fstrettellrb@wisc.edu,502-547-8077
7619859,Merwyn,Pedron,mpedronrc@state.tx.us,503-205-6530
2347646,Boot,Haberfield,bhaberfieldrd@t-online.de,410-943-2040
8226812,Eliza,McNuff,emcnuffre@msn.com,608-723-7633
7431395,Penelopa,Rother,protherrf@google.com.au,303-384-1359
6577614,Corina,Feake,cfeakerg@fda.gov,804-365-1819
7141815,Elisabet,Persent,epersentrh@wiley.com,571-324-7851
1956913,Cordey,Down,cdownri@businessinsider.com,502-501-8382
8184286,Courtney,Ickovicz,cickoviczrj@usgs.gov,202-101-2791
5582367,Gwenny,Parslow,gparslowrk@weebly.com,402-870-2835
3723818,Torr,Ridulfo,tridulforl@wsj.com,205-715-7571
6317366,Isaiah,Pawson,ipawsonrm@hatena.ne.jp,816-824-1353
6436277,Mariquilla,Basile,mbasilern@scribd.com,317-620-2491
8722522,Alexia,Eason,aeasonro@foxnews.com,386-793-8771
4921774,Claus,Pulsford,cpulsfordrp@springer.com,612-270-3921
7299419,Domeniga,Stroband,dstrobandrq@cnet.com,727-543-4991
9928953,Karalee,Persse,kpersserr@ocn.ne.jp,901-872-9413
